table_name,column_name,data_type,ordinal_position
cln_actionkit__auth_user,_dbt_source_relation,STRING,1
cln_actionkit__auth_user,id,INT64,2
cln_actionkit__auth_user,password,STRING,3
cln_actionkit__auth_user,last_login,DATETIME,4
cln_actionkit__auth_user,is_superuser,BOOL,5
cln_actionkit__auth_user,username,STRING,6
cln_actionkit__auth_user,first_name,STRING,7
cln_actionkit__auth_user,last_name,STRING,8
cln_actionkit__auth_user,email,STRING,9
cln_actionkit__auth_user,is_staff,BOOL,10
cln_actionkit__auth_user,is_active,BOOL,11
cln_actionkit__auth_user,date_joined,DATETIME,12
cln_actionkit__auth_user,source_schema,STRING,13
cln_actionkit__auth_user,source_table,STRING,14
cln_actionkit__auth_user,vendor,STRING,15
cln_actionkit__auth_user,vendor_unique_auth_user_id,STRING,16
cln_actionkit__auth_user,data_owner_id,INT64,17
cln_actionkit__auth_user,data_owner_code,STRING,18
cln_actionkit__core_action,_dbt_source_relation,STRING,1
cln_actionkit__core_action,id,INT64,2
cln_actionkit__core_action,utc_created_at,TIMESTAMP,3
cln_actionkit__core_action,utc_updated_at,TIMESTAMP,4
cln_actionkit__core_action,user_id,INT64,5
cln_actionkit__core_action,mailing_id,INT64,6
cln_actionkit__core_action,page_id,INT64,7
cln_actionkit__core_action,link,INT64,8
cln_actionkit__core_action,source,STRING,9
cln_actionkit__core_action,opq_id,STRING,10
cln_actionkit__core_action,created_user,BOOL,11
cln_actionkit__core_action,subscribed_user,BOOL,12
cln_actionkit__core_action,referring_user_id,INT64,13
cln_actionkit__core_action,referring_mailing_id,INT64,14
cln_actionkit__core_action,taf_emails_sent,INT64,15
cln_actionkit__core_action,status,STRING,16
cln_actionkit__core_action,is_forwarded,BOOL,17
cln_actionkit__core_action,ip_address,STRING,18
cln_actionkit__core_action,useragent_id,INT64,19
cln_actionkit__core_action,source_schema,STRING,20
cln_actionkit__core_action,source_table,STRING,21
cln_actionkit__core_action,vendor,STRING,22
cln_actionkit__core_action,vendor_unique_action_id,STRING,23
cln_actionkit__core_action,data_owner_id,INT64,24
cln_actionkit__core_action,data_owner_code,STRING,25
cln_actionkit__core_actionfield,_dbt_source_relation,STRING,1
cln_actionkit__core_actionfield,id,INT64,2
cln_actionkit__core_actionfield,parent_id,INT64,3
cln_actionkit__core_actionfield,name,STRING,4
cln_actionkit__core_actionfield,value,STRING,5
cln_actionkit__core_actionfield,source_schema,STRING,6
cln_actionkit__core_actionfield,source_table,STRING,7
cln_actionkit__core_actionfield,vendor,STRING,8
cln_actionkit__core_actionfield,vendor_unique_actionfield_id,STRING,9
cln_actionkit__core_actionfield,data_owner_id,INT64,10
cln_actionkit__core_actionfield,data_owner_code,STRING,11
cln_actionkit__core_bounce_soft,_dbt_source_relation,STRING,1
cln_actionkit__core_bounce_soft,id,INT64,2
cln_actionkit__core_bounce_soft,user_id,INT64,3
cln_actionkit__core_bounce_soft,mailing_id,INT64,4
cln_actionkit__core_bounce_soft,action_id,INT64,5
cln_actionkit__core_bounce_soft,bounce_class,INT64,6
cln_actionkit__core_bounce_soft,utc_created_at,TIMESTAMP,7
cln_actionkit__core_bounce_soft,source_schema,STRING,8
cln_actionkit__core_bounce_soft,source_table,STRING,9
cln_actionkit__core_bounce_soft,vendor,STRING,10
cln_actionkit__core_bounce_soft,vendor_unique_bounce_soft_id,STRING,11
cln_actionkit__core_bounce_soft,data_owner_id,INT64,12
cln_actionkit__core_bounce_soft,data_owner_code,STRING,13
cln_actionkit__core_callaction_checked,_dbt_source_relation,STRING,1
cln_actionkit__core_callaction_checked,id,INT64,2
cln_actionkit__core_callaction_checked,callaction_id,INT64,3
cln_actionkit__core_callaction_checked,target_id,INT64,4
cln_actionkit__core_callaction_checked,source_schema,STRING,5
cln_actionkit__core_callaction_checked,source_table,STRING,6
cln_actionkit__core_callaction_checked,vendor,STRING,7
cln_actionkit__core_callaction_checked,vendor_unique_callaction_checked_id,STRING,8
cln_actionkit__core_callaction_checked,data_owner_id,INT64,9
cln_actionkit__core_callaction_checked,data_owner_code,STRING,10
cln_actionkit__core_callaction_targeted,_dbt_source_relation,STRING,1
cln_actionkit__core_callaction_targeted,id,INT64,2
cln_actionkit__core_callaction_targeted,callaction_id,INT64,3
cln_actionkit__core_callaction_targeted,target_id,INT64,4
cln_actionkit__core_callaction_targeted,source_schema,STRING,5
cln_actionkit__core_callaction_targeted,source_table,STRING,6
cln_actionkit__core_callaction_targeted,vendor,STRING,7
cln_actionkit__core_callaction_targeted,vendor_unique_callaction_targeted_id,STRING,8
cln_actionkit__core_callaction_targeted,data_owner_id,INT64,9
cln_actionkit__core_callaction_targeted,data_owner_code,STRING,10
cln_actionkit__core_candidate,_dbt_source_relation,STRING,1
cln_actionkit__core_candidate,id,INT64,2
cln_actionkit__core_candidate,utc_created_at,TIMESTAMP,3
cln_actionkit__core_candidate,utc_updated_at,TIMESTAMP,4
cln_actionkit__core_candidate,hidden,BOOL,5
cln_actionkit__core_candidate,name,STRING,6
cln_actionkit__core_candidate,fec_id,STRING,7
cln_actionkit__core_candidate,portrait_url,STRING,8
cln_actionkit__core_candidate,description,STRING,9
cln_actionkit__core_candidate,status,STRING,10
cln_actionkit__core_candidate,is_ours,BOOL,11
cln_actionkit__core_candidate,source_schema,STRING,12
cln_actionkit__core_candidate,source_table,STRING,13
cln_actionkit__core_candidate,vendor,STRING,14
cln_actionkit__core_candidate,vendor_unique_candidate_id,STRING,15
cln_actionkit__core_candidate,data_owner_id,INT64,16
cln_actionkit__core_candidate,data_owner_code,STRING,17
cln_actionkit__core_click,_dbt_source_relation,STRING,1
cln_actionkit__core_click,clickurl_id,INT64,2
cln_actionkit__core_click,user_id,INT64,3
cln_actionkit__core_click,mailing_id,INT64,4
cln_actionkit__core_click,link_number,INT64,5
cln_actionkit__core_click,source,STRING,6
cln_actionkit__core_click,referring_user_id,INT64,7
cln_actionkit__core_click,utc_created_at,TIMESTAMP,8
cln_actionkit__core_click,id,INT64,9
cln_actionkit__core_click,useragent_id,INT64,10
cln_actionkit__core_click,source_schema,STRING,11
cln_actionkit__core_click,source_table,STRING,12
cln_actionkit__core_click,vendor,STRING,13
cln_actionkit__core_click,vendor_unique_click_id,STRING,14
cln_actionkit__core_click,data_owner_id,INT64,15
cln_actionkit__core_click,data_owner_code,STRING,16
cln_actionkit__core_clickurl,_dbt_source_relation,STRING,1
cln_actionkit__core_clickurl,id,INT64,2
cln_actionkit__core_clickurl,url,STRING,3
cln_actionkit__core_clickurl,page_id,INT64,4
cln_actionkit__core_clickurl,utc_created_at,TIMESTAMP,5
cln_actionkit__core_clickurl,source_schema,STRING,6
cln_actionkit__core_clickurl,source_table,STRING,7
cln_actionkit__core_clickurl,vendor,STRING,8
cln_actionkit__core_clickurl,vendor_unique_clickurl_id,STRING,9
cln_actionkit__core_clickurl,data_owner_id,INT64,10
cln_actionkit__core_clickurl,data_owner_code,STRING,11
cln_actionkit__core_cwcdeliverylog,_dbt_source_relation,STRING,1
cln_actionkit__core_cwcdeliverylog,id,INT64,2
cln_actionkit__core_cwcdeliverylog,utc_created_at,TIMESTAMP,3
cln_actionkit__core_cwcdeliverylog,utc_updated_at,TIMESTAMP,4
cln_actionkit__core_cwcdeliverylog,target_id,INT64,5
cln_actionkit__core_cwcdeliverylog,action_id,INT64,6
cln_actionkit__core_cwcdeliverylog,cwc_delivery_id,STRING,7
cln_actionkit__core_cwcdeliverylog,source_schema,STRING,8
cln_actionkit__core_cwcdeliverylog,source_table,STRING,9
cln_actionkit__core_cwcdeliverylog,vendor,STRING,10
cln_actionkit__core_cwcdeliverylog,vendor_unique_cwcdeliverylog_id,STRING,11
cln_actionkit__core_cwcdeliverylog,data_owner_id,INT64,12
cln_actionkit__core_cwcdeliverylog,data_owner_code,STRING,13
cln_actionkit__core_donationaction,_dbt_source_relation,STRING,1
cln_actionkit__core_donationaction,action_ptr_id,INT64,2
cln_actionkit__core_donationaction,source_schema,STRING,3
cln_actionkit__core_donationaction,source_table,STRING,4
cln_actionkit__core_donationaction,vendor,STRING,5
cln_actionkit__core_donationaction,vendor_unique_donationaction_id,STRING,6
cln_actionkit__core_donationaction,data_owner_id,INT64,7
cln_actionkit__core_donationaction,data_owner_code,STRING,8
cln_actionkit__core_emailwrapper,_dbt_source_relation,STRING,1
cln_actionkit__core_emailwrapper,id,INT64,2
cln_actionkit__core_emailwrapper,utc_created_at,TIMESTAMP,3
cln_actionkit__core_emailwrapper,utc_updated_at,TIMESTAMP,4
cln_actionkit__core_emailwrapper,hidden,BOOL,5
cln_actionkit__core_emailwrapper,is_default,BOOL,6
cln_actionkit__core_emailwrapper,name,STRING,7
cln_actionkit__core_emailwrapper,template,STRING,8
cln_actionkit__core_emailwrapper,text_template,STRING,9
cln_actionkit__core_emailwrapper,unsubscribe_text,STRING,10
cln_actionkit__core_emailwrapper,unsubscribe_html,STRING,11
cln_actionkit__core_emailwrapper,lang_id,INT64,12
cln_actionkit__core_emailwrapper,amp_template,STRING,13
cln_actionkit__core_emailwrapper,unsubscribe_amp_html,STRING,14
cln_actionkit__core_emailwrapper,source_schema,STRING,15
cln_actionkit__core_emailwrapper,source_table,STRING,16
cln_actionkit__core_emailwrapper,vendor,STRING,17
cln_actionkit__core_emailwrapper,vendor_unique_emailwrapper_id,STRING,18
cln_actionkit__core_emailwrapper,data_owner_id,INT64,19
cln_actionkit__core_emailwrapper,data_owner_code,STRING,20
cln_actionkit__core_eventcreateaction,_dbt_source_relation,STRING,1
cln_actionkit__core_eventcreateaction,action_ptr_id,INT64,2
cln_actionkit__core_eventcreateaction,event_id,INT64,3
cln_actionkit__core_eventcreateaction,source_schema,STRING,4
cln_actionkit__core_eventcreateaction,source_table,STRING,5
cln_actionkit__core_eventcreateaction,vendor,STRING,6
cln_actionkit__core_eventcreateaction,vendor_unique_eventcreateaction_id,STRING,7
cln_actionkit__core_eventcreateaction,data_owner_id,INT64,8
cln_actionkit__core_eventcreateaction,data_owner_code,STRING,9
cln_actionkit__core_eventsignupaction,_dbt_source_relation,STRING,1
cln_actionkit__core_eventsignupaction,action_ptr_id,INT64,2
cln_actionkit__core_eventsignupaction,signup_id,INT64,3
cln_actionkit__core_eventsignupaction,source_schema,STRING,4
cln_actionkit__core_eventsignupaction,source_table,STRING,5
cln_actionkit__core_eventsignupaction,vendor,STRING,6
cln_actionkit__core_eventsignupaction,vendor_unique_eventsignupaction_id,STRING,7
cln_actionkit__core_eventsignupaction,data_owner_id,INT64,8
cln_actionkit__core_eventsignupaction,data_owner_code,STRING,9
cln_actionkit__core_fromline,_dbt_source_relation,STRING,1
cln_actionkit__core_fromline,id,INT64,2
cln_actionkit__core_fromline,from_line,STRING,3
cln_actionkit__core_fromline,hidden,BOOL,4
cln_actionkit__core_fromline,utc_created_at,TIMESTAMP,5
cln_actionkit__core_fromline,utc_updated_at,TIMESTAMP,6
cln_actionkit__core_fromline,is_default,BOOL,7
cln_actionkit__core_fromline,source_schema,STRING,8
cln_actionkit__core_fromline,source_table,STRING,9
cln_actionkit__core_fromline,vendor,STRING,10
cln_actionkit__core_fromline,vendor_unique_fromline_id,STRING,11
cln_actionkit__core_fromline,data_owner_id,INT64,12
cln_actionkit__core_fromline,data_owner_code,STRING,13
cln_actionkit__core_language,_dbt_source_relation,STRING,1
cln_actionkit__core_language,id,INT64,2
cln_actionkit__core_language,utc_created_at,TIMESTAMP,3
cln_actionkit__core_language,utc_updated_at,TIMESTAMP,4
cln_actionkit__core_language,hidden,BOOL,5
cln_actionkit__core_language,name,STRING,6
cln_actionkit__core_language,iso_code,STRING,7
cln_actionkit__core_language,inherit_from_id,INT64,8
cln_actionkit__core_language,ordering,INT64,9
cln_actionkit__core_language,translations,STRING,10
cln_actionkit__core_language,source_schema,STRING,11
cln_actionkit__core_language,source_table,STRING,12
cln_actionkit__core_language,vendor,STRING,13
cln_actionkit__core_language,segment_by_key,STRING,14
cln_actionkit__core_language,vendor_unique_core_language_id,STRING,15
cln_actionkit__core_language,data_owner_id,INT64,16
cln_actionkit__core_language,data_owner_code,STRING,17
cln_actionkit__core_letteraction,_dbt_source_relation,STRING,1
cln_actionkit__core_letteraction,action_ptr_id,INT64,2
cln_actionkit__core_letteraction,source_schema,STRING,3
cln_actionkit__core_letteraction,source_table,STRING,4
cln_actionkit__core_letteraction,vendor,STRING,5
cln_actionkit__core_letteraction,vendor_unique_letteraction_id,STRING,6
cln_actionkit__core_letteraction,data_owner_id,INT64,7
cln_actionkit__core_letteraction,data_owner_code,STRING,8
cln_actionkit__core_list,_dbt_source_relation,STRING,1
cln_actionkit__core_list,id,INT64,2
cln_actionkit__core_list,utc_created_at,TIMESTAMP,3
cln_actionkit__core_list,utc_updated_at,TIMESTAMP,4
cln_actionkit__core_list,name,STRING,5
cln_actionkit__core_list,notes,STRING,6
cln_actionkit__core_list,hidden,BOOL,7
cln_actionkit__core_list,is_default,BOOL,8
cln_actionkit__core_list,source_schema,STRING,9
cln_actionkit__core_list,source_table,STRING,10
cln_actionkit__core_list,vendor,STRING,11
cln_actionkit__core_list,vendor_unique_list_id,STRING,12
cln_actionkit__core_list,data_owner_id,INT64,13
cln_actionkit__core_list,data_owner_code,STRING,14
cln_actionkit__core_location,_dbt_source_relation,STRING,1
cln_actionkit__core_location,utc_created_at,TIMESTAMP,2
cln_actionkit__core_location,utc_updated_at,TIMESTAMP,3
cln_actionkit__core_location,user_id,INT64,4
cln_actionkit__core_location,us_district,STRING,5
cln_actionkit__core_location,us_state_senate,STRING,6
cln_actionkit__core_location,us_state_district,STRING,7
cln_actionkit__core_location,us_county,STRING,8
cln_actionkit__core_location,loc_code,STRING,9
cln_actionkit__core_location,longitude,FLOAT64,10
cln_actionkit__core_location,latitude,FLOAT64,11
cln_actionkit__core_location,country_code,STRING,12
cln_actionkit__core_location,region_code,STRING,13
cln_actionkit__core_location,lat_lon_precision,STRING,14
cln_actionkit__core_location,timezone,STRING,15
cln_actionkit__core_location,source_schema,STRING,16
cln_actionkit__core_location,source_table,STRING,17
cln_actionkit__core_location,vendor,STRING,18
cln_actionkit__core_location,vendor_unique_location_id,STRING,19
cln_actionkit__core_location,data_owner_id,INT64,20
cln_actionkit__core_location,data_owner_code,STRING,21
cln_actionkit__core_lteaction,_dbt_source_relation,STRING,1
cln_actionkit__core_lteaction,action_ptr_id,INT64,2
cln_actionkit__core_lteaction,subject,STRING,3
cln_actionkit__core_lteaction,letter_text,STRING,4
cln_actionkit__core_lteaction,target_id,INT64,5
cln_actionkit__core_lteaction,source_schema,STRING,6
cln_actionkit__core_lteaction,source_table,STRING,7
cln_actionkit__core_lteaction,vendor,STRING,8
cln_actionkit__core_lteaction,vendor_unique_core_lteaction_id,STRING,9
cln_actionkit__core_lteaction,data_owner_id,INT64,10
cln_actionkit__core_lteaction,data_owner_code,STRING,11
cln_actionkit__core_ltepage,_dbt_source_relation,STRING,1
cln_actionkit__core_ltepage,page_ptr_id,INT64,2
cln_actionkit__core_ltepage,national_newspapers,BOOL,3
cln_actionkit__core_ltepage,regional_newspapers,BOOL,4
cln_actionkit__core_ltepage,local_newspapers,BOOL,5
cln_actionkit__core_ltepage,show_phones,BOOL,6
cln_actionkit__core_ltepage,signature_template_id,INT64,7
cln_actionkit__core_ltepage,source_schema,STRING,8
cln_actionkit__core_ltepage,source_table,STRING,9
cln_actionkit__core_ltepage,vendor,STRING,10
cln_actionkit__core_ltepage,vendor_unique_core_ltepage_id,STRING,11
cln_actionkit__core_ltepage,data_owner_id,INT64,12
cln_actionkit__core_ltepage,data_owner_code,STRING,13
cln_actionkit__core_mailing,_dbt_source_relation,STRING,1
cln_actionkit__core_mailing,id,INT64,2
cln_actionkit__core_mailing,utc_created_at,TIMESTAMP,3
cln_actionkit__core_mailing,utc_updated_at,TIMESTAMP,4
cln_actionkit__core_mailing,hidden,BOOL,5
cln_actionkit__core_mailing,fromline_id,INT64,6
cln_actionkit__core_mailing,custom_fromline,STRING,7
cln_actionkit__core_mailing,reply_to,STRING,8
cln_actionkit__core_mailing,notes,STRING,9
cln_actionkit__core_mailing,html,STRING,10
cln_actionkit__core_mailing,text,STRING,11
cln_actionkit__core_mailing,lang_id,INT64,12
cln_actionkit__core_mailing,emailwrapper_id,INT64,13
cln_actionkit__core_mailing,web_viewable,BOOL,14
cln_actionkit__core_mailing,landing_page_id,INT64,15
cln_actionkit__core_mailing,target_group_from_landing_page,BOOL,16
cln_actionkit__core_mailing,winning_subject_id,INT64,17
cln_actionkit__core_mailing,requested_proofs,INT64,18
cln_actionkit__core_mailing,requested_proof_date,DATETIME,19
cln_actionkit__core_mailing,submitter_id,INT64,20
cln_actionkit__core_mailing,scheduled_for,DATETIME,21
cln_actionkit__core_mailing,scheduled_by_id,INT64,22
cln_actionkit__core_mailing,recurring_schedule_id,INT64,23
cln_actionkit__core_mailing,recurring_source_mailing_id,INT64,24
cln_actionkit__core_mailing,rebuild_query_at_send,BOOL,25
cln_actionkit__core_mailing,queue_task_id,STRING,26
cln_actionkit__core_mailing,queued_at,DATETIME,27
cln_actionkit__core_mailing,queued_by_id,INT64,28
cln_actionkit__core_mailing,expected_send_count,INT64,29
cln_actionkit__core_mailing,started_at,DATETIME,30
cln_actionkit__core_mailing,finished_at,DATETIME,31
cln_actionkit__core_mailing,query_queued_at,DATETIME,32
cln_actionkit__core_mailing,query_started_at,DATETIME,33
cln_actionkit__core_mailing,query_completed_at,DATETIME,34
cln_actionkit__core_mailing,query_previous_runtime,INT64,35
cln_actionkit__core_mailing,query_status,STRING,36
cln_actionkit__core_mailing,query_task_id,STRING,37
cln_actionkit__core_mailing,targeting_version,INT64,38
cln_actionkit__core_mailing,targeting_version_saved,INT64,39
cln_actionkit__core_mailing,rate,FLOAT64,40
cln_actionkit__core_mailing,progress,INT64,41
cln_actionkit__core_mailing,status,STRING,42
cln_actionkit__core_mailing,includes_id,INT64,43
cln_actionkit__core_mailing,excludes_id,INT64,44
cln_actionkit__core_mailing,limit,INT64,45
cln_actionkit__core_mailing,limit_percent,INT64,46
cln_actionkit__core_mailing,sort_by,STRING,47
cln_actionkit__core_mailing,pid,INT64,48
cln_actionkit__core_mailing,sent_proofs,INT64,49
cln_actionkit__core_mailing,mergefile_id,INT64,50
cln_actionkit__core_mailing,target_mergefile,BOOL,51
cln_actionkit__core_mailing,mergequery_report_id,INT64,52
cln_actionkit__core_mailing,target_mergequery,BOOL,53
cln_actionkit__core_mailing,send_time_source,STRING,54
cln_actionkit__core_mailing,send_time_validation_job_id,INT64,55
cln_actionkit__core_mailing,mails_per_second,FLOAT64,56
cln_actionkit__core_mailing,send_date,STRING,57
cln_actionkit__core_mailing,exclude_ordering,INT64,58
cln_actionkit__core_mailing,test_group_id,INT64,59
cln_actionkit__core_mailing,test_remainder,INT64,60
cln_actionkit__core_mailing,version,INT64,61
cln_actionkit__core_mailing,archive,STRING,62
cln_actionkit__core_mailing,use_autotest,BOOL,63
cln_actionkit__core_mailing,autotest_status,STRING,64
cln_actionkit__core_mailing,autotest_resend_id,INT64,65
cln_actionkit__core_mailing,autotest_wait_minutes,INT64,66
cln_actionkit__core_mailing,autotest_metric,STRING,67
cln_actionkit__core_mailing,autotest_max_unsub_rate,FLOAT64,68
cln_actionkit__core_mailing,send_time_local,DATETIME,69
cln_actionkit__core_mailing,send_time_local_fallback,DATETIME,70
cln_actionkit__core_mailing,amp_html,STRING,71
cln_actionkit__core_mailing,send_time_local_no_fallback,BOOL,72
cln_actionkit__core_mailing,bee_json,STRING,73
cln_actionkit__core_mailing,bee_session,STRING,74
cln_actionkit__core_mailing,amp_archive,STRING,75
cln_actionkit__core_mailing,source_schema,STRING,76
cln_actionkit__core_mailing,source_table,STRING,77
cln_actionkit__core_mailing,vendor,STRING,78
cln_actionkit__core_mailing,vendor_unique_mailing_id,STRING,79
cln_actionkit__core_mailing,data_owner_id,INT64,80
cln_actionkit__core_mailing,data_owner_code,STRING,81
cln_actionkit__core_mailing_tags,_dbt_source_relation,STRING,1
cln_actionkit__core_mailing_tags,id,INT64,2
cln_actionkit__core_mailing_tags,mailing_id,INT64,3
cln_actionkit__core_mailing_tags,tag_id,INT64,4
cln_actionkit__core_mailing_tags,source_schema,STRING,5
cln_actionkit__core_mailing_tags,source_table,STRING,6
cln_actionkit__core_mailing_tags,vendor,STRING,7
cln_actionkit__core_mailing_tags,vendor_unique_mailing_tag_id,STRING,8
cln_actionkit__core_mailing_tags,data_owner_id,INT64,9
cln_actionkit__core_mailing_tags,data_owner_code,STRING,10
cln_actionkit__core_mailingsubject,_dbt_source_relation,STRING,1
cln_actionkit__core_mailingsubject,id,INT64,2
cln_actionkit__core_mailingsubject,utc_created_at,TIMESTAMP,3
cln_actionkit__core_mailingsubject,utc_updated_at,TIMESTAMP,4
cln_actionkit__core_mailingsubject,text,STRING,5
cln_actionkit__core_mailingsubject,mailing_id,INT64,6
cln_actionkit__core_mailingsubject,preview_text,STRING,7
cln_actionkit__core_mailingsubject,source_schema,STRING,8
cln_actionkit__core_mailingsubject,source_table,STRING,9
cln_actionkit__core_mailingsubject,vendor,STRING,10
cln_actionkit__core_mailingsubject,vendor_unique_mailingsubject_id,STRING,11
cln_actionkit__core_mailingsubject,data_owner_id,INT64,12
cln_actionkit__core_mailingsubject,data_owner_code,STRING,13
cln_actionkit__core_mailingtargeting,_dbt_source_relation,STRING,1
cln_actionkit__core_mailingtargeting,id,INT64,2
cln_actionkit__core_mailingtargeting,utc_created_at,TIMESTAMP,3
cln_actionkit__core_mailingtargeting,utc_updated_at,TIMESTAMP,4
cln_actionkit__core_mailingtargeting,states,STRING,5
cln_actionkit__core_mailingtargeting,cds,STRING,6
cln_actionkit__core_mailingtargeting,zips,STRING,7
cln_actionkit__core_mailingtargeting,zip_radius,INT64,8
cln_actionkit__core_mailingtargeting,has_donated,BOOL,9
cln_actionkit__core_mailingtargeting,is_monthly_donor,BOOL,10
cln_actionkit__core_mailingtargeting,raw_sql,STRING,11
cln_actionkit__core_mailingtargeting,state_house_districts,STRING,12
cln_actionkit__core_mailingtargeting,state_senate_districts,STRING,13
cln_actionkit__core_mailingtargeting,is_delivery,BOOL,14
cln_actionkit__core_mailingtargeting,delivery_job_id,INT64,15
cln_actionkit__core_mailingtargeting,counties,STRING,16
cln_actionkit__core_mailingtargeting,campaign_radius,INT64,17
cln_actionkit__core_mailingtargeting,countries,STRING,18
cln_actionkit__core_mailingtargeting,divisions,STRING,19
cln_actionkit__core_mailingtargeting,campaign_samestate_only,BOOL,20
cln_actionkit__core_mailingtargeting,mirror_mailing_excludes,BOOL,21
cln_actionkit__core_mailingtargeting,regions,STRING,22
cln_actionkit__core_mailingtargeting,campaign_same_district_only,BOOL,23
cln_actionkit__core_mailingtargeting,campaign_first_date,STRING,24
cln_actionkit__core_mailingtargeting,campaign_last_date,STRING,25
cln_actionkit__core_mailingtargeting,campaign_same_county_only,BOOL,26
cln_actionkit__core_mailingtargeting,scorepool_score_min,INT64,27
cln_actionkit__core_mailingtargeting,scorepool_score_max,INT64,28
cln_actionkit__core_mailingtargeting,scorepool_score_include_missing,BOOL,29
cln_actionkit__core_mailingtargeting,mailbox_provider_activity_id,INT64,30
cln_actionkit__core_mailingtargeting,source_schema,STRING,31
cln_actionkit__core_mailingtargeting,source_table,STRING,32
cln_actionkit__core_mailingtargeting,vendor,STRING,33
cln_actionkit__core_mailingtargeting,vendor_unique_mailingtargeting_id,STRING,34
cln_actionkit__core_mailingtargeting,data_owner_id,INT64,35
cln_actionkit__core_mailingtargeting,data_owner_code,STRING,36
cln_actionkit__core_mailingtargeting_lists,_dbt_source_relation,STRING,1
cln_actionkit__core_mailingtargeting_lists,id,INT64,2
cln_actionkit__core_mailingtargeting_lists,mailingtargeting_id,INT64,3
cln_actionkit__core_mailingtargeting_lists,list_id,INT64,4
cln_actionkit__core_mailingtargeting_lists,source_schema,STRING,5
cln_actionkit__core_mailingtargeting_lists,source_table,STRING,6
cln_actionkit__core_mailingtargeting_lists,vendor,STRING,7
cln_actionkit__core_mailingtargeting_lists,vendor_unique_core_mailingtargeting_list_id,STRING,8
cln_actionkit__core_mailingtargeting_lists,data_owner_id,INT64,9
cln_actionkit__core_mailingtargeting_lists,data_owner_code,STRING,10
cln_actionkit__core_mediatarget,_dbt_source_relation,STRING,1
cln_actionkit__core_mediatarget,id,INT64,2
cln_actionkit__core_mediatarget,utc_created_at,TIMESTAMP,3
cln_actionkit__core_mediatarget,utc_updated_at,TIMESTAMP,4
cln_actionkit__core_mediatarget,hidden,BOOL,5
cln_actionkit__core_mediatarget,address1,STRING,6
cln_actionkit__core_mediatarget,address2,STRING,7
cln_actionkit__core_mediatarget,city,STRING,8
cln_actionkit__core_mediatarget,state,STRING,9
cln_actionkit__core_mediatarget,us_district,STRING,10
cln_actionkit__core_mediatarget,region,STRING,11
cln_actionkit__core_mediatarget,postal,STRING,12
cln_actionkit__core_mediatarget,zip,STRING,13
cln_actionkit__core_mediatarget,plus4,STRING,14
cln_actionkit__core_mediatarget,country,STRING,15
cln_actionkit__core_mediatarget,longitude,FLOAT64,16
cln_actionkit__core_mediatarget,latitude,FLOAT64,17
cln_actionkit__core_mediatarget,orgid,INT64,18
cln_actionkit__core_mediatarget,name,STRING,19
cln_actionkit__core_mediatarget,phone,STRING,20
cln_actionkit__core_mediatarget,fax,STRING,21
cln_actionkit__core_mediatarget,email_address,STRING,22
cln_actionkit__core_mediatarget,website_url,STRING,23
cln_actionkit__core_mediatarget,circulation,INT64,24
cln_actionkit__core_mediatarget,frequency,STRING,25
cln_actionkit__core_mediatarget,language,STRING,26
cln_actionkit__core_mediatarget,levelcode,STRING,27
cln_actionkit__core_mediatarget,dmacode,STRING,28
cln_actionkit__core_mediatarget,fipscode,INT64,29
cln_actionkit__core_mediatarget,msacode,INT64,30
cln_actionkit__core_mediatarget,source_schema,STRING,31
cln_actionkit__core_mediatarget,source_table,STRING,32
cln_actionkit__core_mediatarget,vendor,STRING,33
cln_actionkit__core_mediatarget,vendor_unique_core_mediatarget_id,STRING,34
cln_actionkit__core_mediatarget,data_owner_id,INT64,35
cln_actionkit__core_mediatarget,data_owner_code,STRING,36
cln_actionkit__core_open,_dbt_source_relation,STRING,1
cln_actionkit__core_open,user_id,INT64,2
cln_actionkit__core_open,mailing_id,INT64,3
cln_actionkit__core_open,utc_created_at,TIMESTAMP,4
cln_actionkit__core_open,id,INT64,5
cln_actionkit__core_open,useragent_id,INT64,6
cln_actionkit__core_open,source_schema,STRING,7
cln_actionkit__core_open,source_table,STRING,8
cln_actionkit__core_open,vendor,STRING,9
cln_actionkit__core_open,vendor_unique_open_id,STRING,10
cln_actionkit__core_open,data_owner_id,INT64,11
cln_actionkit__core_open,data_owner_code,STRING,12
cln_actionkit__core_order,_dbt_source_relation,STRING,1
cln_actionkit__core_order,id,INT64,2
cln_actionkit__core_order,utc_created_at,TIMESTAMP,3
cln_actionkit__core_order,utc_updated_at,TIMESTAMP,4
cln_actionkit__core_order,action_id,INT64,5
cln_actionkit__core_order,user_id,INT64,6
cln_actionkit__core_order,user_detail_id,INT64,7
cln_actionkit__core_order,card_num_last_four,STRING,8
cln_actionkit__core_order,shipping_address_id,INT64,9
cln_actionkit__core_order,total,NUMERIC,10
cln_actionkit__core_order,currency,STRING,11
cln_actionkit__core_order,total_converted,NUMERIC,12
cln_actionkit__core_order,status,STRING,13
cln_actionkit__core_order,import_id,STRING,14
cln_actionkit__core_order,account,STRING,15
cln_actionkit__core_order,payment_method,STRING,16
cln_actionkit__core_order,source_schema,STRING,17
cln_actionkit__core_order,source_table,STRING,18
cln_actionkit__core_order,vendor,STRING,19
cln_actionkit__core_order,vendor_unique_order_id,STRING,20
cln_actionkit__core_order,data_owner_id,INT64,21
cln_actionkit__core_order,data_owner_code,STRING,22
cln_actionkit__core_order_detail,_dbt_source_relation,STRING,1
cln_actionkit__core_order_detail,id,INT64,2
cln_actionkit__core_order_detail,utc_created_at,TIMESTAMP,3
cln_actionkit__core_order_detail,utc_updated_at,TIMESTAMP,4
cln_actionkit__core_order_detail,order_id,INT64,5
cln_actionkit__core_order_detail,product_id,INT64,6
cln_actionkit__core_order_detail,quantity,INT64,7
cln_actionkit__core_order_detail,amount,NUMERIC,8
cln_actionkit__core_order_detail,amount_converted,NUMERIC,9
cln_actionkit__core_order_detail,candidate_id,INT64,10
cln_actionkit__core_order_detail,currency,STRING,11
cln_actionkit__core_order_detail,status,STRING,12
cln_actionkit__core_order_detail,source_schema,STRING,13
cln_actionkit__core_order_detail,source_table,STRING,14
cln_actionkit__core_order_detail,vendor,STRING,15
cln_actionkit__core_order_detail,vendor_unique_order_detail_id,STRING,16
cln_actionkit__core_order_detail,data_owner_id,INT64,17
cln_actionkit__core_order_detail,data_owner_code,STRING,18
cln_actionkit__core_orderrecurring,_dbt_source_relation,STRING,1
cln_actionkit__core_orderrecurring,id,INT64,2
cln_actionkit__core_orderrecurring,utc_created_at,TIMESTAMP,3
cln_actionkit__core_orderrecurring,utc_updated_at,TIMESTAMP,4
cln_actionkit__core_orderrecurring,order_id,INT64,5
cln_actionkit__core_orderrecurring,action_id,INT64,6
cln_actionkit__core_orderrecurring,exp_date,STRING,7
cln_actionkit__core_orderrecurring,card_num,STRING,8
cln_actionkit__core_orderrecurring,recurring_id,STRING,9
cln_actionkit__core_orderrecurring,account,STRING,10
cln_actionkit__core_orderrecurring,user_id,INT64,11
cln_actionkit__core_orderrecurring,start,DATE,12
cln_actionkit__core_orderrecurring,period,STRING,13
cln_actionkit__core_orderrecurring,amount,NUMERIC,14
cln_actionkit__core_orderrecurring,currency,STRING,15
cln_actionkit__core_orderrecurring,amount_converted,NUMERIC,16
cln_actionkit__core_orderrecurring,status,STRING,17
cln_actionkit__core_orderrecurring,source_schema,STRING,18
cln_actionkit__core_orderrecurring,source_table,STRING,19
cln_actionkit__core_orderrecurring,vendor,STRING,20
cln_actionkit__core_orderrecurring,vendor_unique_orderrecurring_id,STRING,21
cln_actionkit__core_orderrecurring,data_owner_id,INT64,22
cln_actionkit__core_orderrecurring,data_owner_code,STRING,23
cln_actionkit__core_page,_dbt_source_relation,STRING,1
cln_actionkit__core_page,id,INT64,2
cln_actionkit__core_page,utc_created_at,TIMESTAMP,3
cln_actionkit__core_page,utc_updated_at,TIMESTAMP,4
cln_actionkit__core_page,hidden,BOOL,5
cln_actionkit__core_page,title,STRING,6
cln_actionkit__core_page,name,STRING,7
cln_actionkit__core_page,notes,STRING,8
cln_actionkit__core_page,hosted_with_id,INT64,9
cln_actionkit__core_page,url,STRING,10
cln_actionkit__core_page,type,STRING,11
cln_actionkit__core_page,lang_id,INT64,12
cln_actionkit__core_page,multilingual_campaign_id,INT64,13
cln_actionkit__core_page,goal,INT64,14
cln_actionkit__core_page,goal_type,STRING,15
cln_actionkit__core_page,status,STRING,16
cln_actionkit__core_page,list_id,INT64,17
cln_actionkit__core_page,allow_multiple_responses,BOOL,18
cln_actionkit__core_page,real_actions,BOOL,19
cln_actionkit__core_page,recognize,STRING,20
cln_actionkit__core_page,never_spam_check,BOOL,21
cln_actionkit__core_page,source_schema,STRING,22
cln_actionkit__core_page,source_table,STRING,23
cln_actionkit__core_page,vendor,STRING,24
cln_actionkit__core_page,vendor_unique_page_id,STRING,25
cln_actionkit__core_page,data_owner_id,INT64,26
cln_actionkit__core_page,data_owner_code,STRING,27
cln_actionkit__core_page_tags,_dbt_source_relation,STRING,1
cln_actionkit__core_page_tags,id,INT64,2
cln_actionkit__core_page_tags,page_id,INT64,3
cln_actionkit__core_page_tags,tag_id,INT64,4
cln_actionkit__core_page_tags,source_schema,STRING,5
cln_actionkit__core_page_tags,source_table,STRING,6
cln_actionkit__core_page_tags,vendor,STRING,7
cln_actionkit__core_page_tags,vendor_unique_page_tag_id,STRING,8
cln_actionkit__core_page_tags,data_owner_id,INT64,9
cln_actionkit__core_page_tags,data_owner_code,STRING,10
cln_actionkit__core_petitionaction,_dbt_source_relation,STRING,1
cln_actionkit__core_petitionaction,action_ptr_id,INT64,2
cln_actionkit__core_petitionaction,source_schema,STRING,3
cln_actionkit__core_petitionaction,source_table,STRING,4
cln_actionkit__core_petitionaction,vendor,STRING,5
cln_actionkit__core_petitionaction,vendor_unique_petitionaction_id,STRING,6
cln_actionkit__core_petitionaction,data_owner_id,INT64,7
cln_actionkit__core_petitionaction,data_owner_code,STRING,8
cln_actionkit__core_phone,_dbt_source_relation,STRING,1
cln_actionkit__core_phone,phone_id,INT64,2
cln_actionkit__core_phone,utc_created_at,TIMESTAMP,3
cln_actionkit__core_phone,utc_updated_at,TIMESTAMP,4
cln_actionkit__core_phone,vendor_unique_user_id,STRING,5
cln_actionkit__core_phone,user_id,INT64,6
cln_actionkit__core_phone,raw_phone_type,STRING,7
cln_actionkit__core_phone,phone_type,STRING,8
cln_actionkit__core_phone,raw_phone_number,STRING,9
cln_actionkit__core_phone,phone_number,STRING,10
cln_actionkit__core_phone,phone_source,STRING,11
cln_actionkit__core_phone,normalized_phone_number,STRING,12
cln_actionkit__core_phone,source_schema,STRING,13
cln_actionkit__core_phone,source_table,STRING,14
cln_actionkit__core_phone,vendor,STRING,15
cln_actionkit__core_phone,vendor_unique_phone_id,STRING,16
cln_actionkit__core_phone,data_owner_id,INT64,17
cln_actionkit__core_phone,data_owner_code,STRING,18
cln_actionkit__core_reengagementlog,_dbt_source_relation,STRING,1
cln_actionkit__core_reengagementlog,id,INT64,2
cln_actionkit__core_reengagementlog,utc_created_at,TIMESTAMP,3
cln_actionkit__core_reengagementlog,utc_updated_at,TIMESTAMP,4
cln_actionkit__core_reengagementlog,dry_run,INT64,5
cln_actionkit__core_reengagementlog,engaged,INT64,6
cln_actionkit__core_reengagementlog,unengaged,INT64,7
cln_actionkit__core_reengagementlog,added,INT64,8
cln_actionkit__core_reengagementlog,removed,INT64,9
cln_actionkit__core_reengagementlog,unsubscribed,INT64,10
cln_actionkit__core_reengagementlog,source_schema,STRING,11
cln_actionkit__core_reengagementlog,source_table,STRING,12
cln_actionkit__core_reengagementlog,vendor,STRING,13
cln_actionkit__core_reengagementlog,vendor_unique_reengagementlog_id,STRING,14
cln_actionkit__core_reengagementlog,data_owner_id,INT64,15
cln_actionkit__core_reengagementlog,data_owner_code,STRING,16
cln_actionkit__core_signupaction,_dbt_source_relation,STRING,1
cln_actionkit__core_signupaction,action_ptr_id,INT64,2
cln_actionkit__core_signupaction,source_schema,STRING,3
cln_actionkit__core_signupaction,source_table,STRING,4
cln_actionkit__core_signupaction,vendor,STRING,5
cln_actionkit__core_signupaction,vendor_unique_signupaction_id,STRING,6
cln_actionkit__core_signupaction,data_owner_id,INT64,7
cln_actionkit__core_signupaction,data_owner_code,STRING,8
cln_actionkit__core_subscription,_dbt_source_relation,STRING,1
cln_actionkit__core_subscription,id,INT64,2
cln_actionkit__core_subscription,utc_created_at,TIMESTAMP,3
cln_actionkit__core_subscription,utc_updated_at,TIMESTAMP,4
cln_actionkit__core_subscription,user_id,INT64,5
cln_actionkit__core_subscription,list_id,INT64,6
cln_actionkit__core_subscription,source_schema,STRING,7
cln_actionkit__core_subscription,source_table,STRING,8
cln_actionkit__core_subscription,vendor,STRING,9
cln_actionkit__core_subscription,vendor_unique_subscription_id,STRING,10
cln_actionkit__core_subscription,data_owner_id,INT64,11
cln_actionkit__core_subscription,data_owner_code,STRING,12
cln_actionkit__core_subscriptionchangetype,_dbt_source_relation,STRING,1
cln_actionkit__core_subscriptionchangetype,id,INT64,2
cln_actionkit__core_subscriptionchangetype,utc_created_at,TIMESTAMP,3
cln_actionkit__core_subscriptionchangetype,utc_updated_at,TIMESTAMP,4
cln_actionkit__core_subscriptionchangetype,name,STRING,5
cln_actionkit__core_subscriptionchangetype,description,STRING,6
cln_actionkit__core_subscriptionchangetype,subscribed,BOOL,7
cln_actionkit__core_subscriptionchangetype,source_schema,STRING,8
cln_actionkit__core_subscriptionchangetype,source_table,STRING,9
cln_actionkit__core_subscriptionchangetype,vendor,STRING,10
cln_actionkit__core_subscriptionchangetype,vendor_unique_subscriptionchangetype_id,STRING,11
cln_actionkit__core_subscriptionchangetype,data_owner_id,INT64,12
cln_actionkit__core_subscriptionchangetype,data_owner_code,STRING,13
cln_actionkit__core_subscriptionhistory,_dbt_source_relation,STRING,1
cln_actionkit__core_subscriptionhistory,id,INT64,2
cln_actionkit__core_subscriptionhistory,utc_created_at,TIMESTAMP,3
cln_actionkit__core_subscriptionhistory,utc_updated_at,TIMESTAMP,4
cln_actionkit__core_subscriptionhistory,user_id,INT64,5
cln_actionkit__core_subscriptionhistory,list_id,INT64,6
cln_actionkit__core_subscriptionhistory,change_id,INT64,7
cln_actionkit__core_subscriptionhistory,action_id,INT64,8
cln_actionkit__core_subscriptionhistory,source_schema,STRING,9
cln_actionkit__core_subscriptionhistory,source_table,STRING,10
cln_actionkit__core_subscriptionhistory,vendor,STRING,11
cln_actionkit__core_subscriptionhistory,vendor_unique_subscriptionhistory_id,STRING,12
cln_actionkit__core_subscriptionhistory,data_owner_id,INT64,13
cln_actionkit__core_subscriptionhistory,data_owner_code,STRING,14
cln_actionkit__core_surveyaction,_dbt_source_relation,STRING,1
cln_actionkit__core_surveyaction,action_ptr_id,INT64,2
cln_actionkit__core_surveyaction,source_schema,STRING,3
cln_actionkit__core_surveyaction,source_table,STRING,4
cln_actionkit__core_surveyaction,vendor,STRING,5
cln_actionkit__core_surveyaction,vendor_unique_surveyaction_id,STRING,6
cln_actionkit__core_surveyaction,data_owner_id,INT64,7
cln_actionkit__core_surveyaction,data_owner_code,STRING,8
cln_actionkit__core_tag,_dbt_source_relation,STRING,1
cln_actionkit__core_tag,id,INT64,2
cln_actionkit__core_tag,utc_created_at,TIMESTAMP,3
cln_actionkit__core_tag,utc_updated_at,TIMESTAMP,4
cln_actionkit__core_tag,hidden,BOOL,5
cln_actionkit__core_tag,order_index,INT64,6
cln_actionkit__core_tag,name,STRING,7
cln_actionkit__core_tag,times_used,INT64,8
cln_actionkit__core_tag,source_schema,STRING,9
cln_actionkit__core_tag,source_table,STRING,10
cln_actionkit__core_tag,vendor,STRING,11
cln_actionkit__core_tag,vendor_unique_tag_id,STRING,12
cln_actionkit__core_tag,data_owner_id,INT64,13
cln_actionkit__core_tag,data_owner_code,STRING,14
cln_actionkit__core_target,_dbt_source_relation,STRING,1
cln_actionkit__core_target,id,INT64,2
cln_actionkit__core_target,utc_created_at,TIMESTAMP,3
cln_actionkit__core_target,utc_updated_at,TIMESTAMP,4
cln_actionkit__core_target,type,STRING,5
cln_actionkit__core_target,seat,STRING,6
cln_actionkit__core_target,country,STRING,7
cln_actionkit__core_target,state,STRING,8
cln_actionkit__core_target,us_district,STRING,9
cln_actionkit__core_target,title,STRING,10
cln_actionkit__core_target,long_title,STRING,11
cln_actionkit__core_target,first,STRING,12
cln_actionkit__core_target,last,STRING,13
cln_actionkit__core_target,official_full,STRING,14
cln_actionkit__core_target,nickname,STRING,15
cln_actionkit__core_target,phone,STRING,16
cln_actionkit__core_target,fax,STRING,17
cln_actionkit__core_target,email,STRING,18
cln_actionkit__core_target,gender,STRING,19
cln_actionkit__core_target,party,STRING,20
cln_actionkit__core_target,hidden,BOOL,21
cln_actionkit__core_target,district_name,STRING,22
cln_actionkit__core_target,city,STRING,23
cln_actionkit__core_target,region,STRING,24
cln_actionkit__core_target,county,STRING,25
cln_actionkit__core_target,twitter,STRING,26
cln_actionkit__core_target,twitter_id,STRING,27
cln_actionkit__core_target,facebook,STRING,28
cln_actionkit__core_target,facebook_id,STRING,29
cln_actionkit__core_target,youtube,STRING,30
cln_actionkit__core_target,youtube_id,STRING,31
cln_actionkit__core_target,instagram,STRING,32
cln_actionkit__core_target,instagram_id,STRING,33
cln_actionkit__core_target,source_schema,STRING,34
cln_actionkit__core_target,source_table,STRING,35
cln_actionkit__core_target,vendor,STRING,36
cln_actionkit__core_target,vendor_unique_target_id,STRING,37
cln_actionkit__core_target,data_owner_id,INT64,38
cln_actionkit__core_target,data_owner_code,STRING,39
cln_actionkit__core_targetoffice,_dbt_source_relation,STRING,1
cln_actionkit__core_targetoffice,id,INT64,2
cln_actionkit__core_targetoffice,utc_created_at,TIMESTAMP,3
cln_actionkit__core_targetoffice,utc_updated_at,TIMESTAMP,4
cln_actionkit__core_targetoffice,target_id,INT64,5
cln_actionkit__core_targetoffice,type,STRING,6
cln_actionkit__core_targetoffice,address1,STRING,7
cln_actionkit__core_targetoffice,address2,STRING,8
cln_actionkit__core_targetoffice,name,STRING,9
cln_actionkit__core_targetoffice,city,STRING,10
cln_actionkit__core_targetoffice,state,STRING,11
cln_actionkit__core_targetoffice,zip,STRING,12
cln_actionkit__core_targetoffice,phone,STRING,13
cln_actionkit__core_targetoffice,fax,STRING,14
cln_actionkit__core_targetoffice,is_current,BOOL,15
cln_actionkit__core_targetoffice,source_schema,STRING,16
cln_actionkit__core_targetoffice,source_table,STRING,17
cln_actionkit__core_targetoffice,vendor,STRING,18
cln_actionkit__core_targetoffice,vendor_unique_targetoffice_id,STRING,19
cln_actionkit__core_targetoffice,data_owner_id,INT64,20
cln_actionkit__core_targetoffice,data_owner_code,STRING,21
cln_actionkit__core_transaction,_dbt_source_relation,STRING,1
cln_actionkit__core_transaction,id,INT64,2
cln_actionkit__core_transaction,utc_created_at,TIMESTAMP,3
cln_actionkit__core_transaction,utc_updated_at,TIMESTAMP,4
cln_actionkit__core_transaction,type,STRING,5
cln_actionkit__core_transaction,order_id,INT64,6
cln_actionkit__core_transaction,account,STRING,7
cln_actionkit__core_transaction,test_mode,BOOL,8
cln_actionkit__core_transaction,amount,NUMERIC,9
cln_actionkit__core_transaction,amount_converted,NUMERIC,10
cln_actionkit__core_transaction,success,BOOL,11
cln_actionkit__core_transaction,trans_id,STRING,12
cln_actionkit__core_transaction,failure_description,STRING,13
cln_actionkit__core_transaction,failure_code,STRING,14
cln_actionkit__core_transaction,failure_message,STRING,15
cln_actionkit__core_transaction,status,STRING,16
cln_actionkit__core_transaction,currency,STRING,17
cln_actionkit__core_transaction,ref_transaction_id,INT64,18
cln_actionkit__core_transaction,source_schema,STRING,19
cln_actionkit__core_transaction,source_table,STRING,20
cln_actionkit__core_transaction,vendor,STRING,21
cln_actionkit__core_transaction,vendor_unique_transaction_id,STRING,22
cln_actionkit__core_transaction,data_owner_id,INT64,23
cln_actionkit__core_transaction,data_owner_code,STRING,24
cln_actionkit__core_unsubscribeaction,_dbt_source_relation,STRING,1
cln_actionkit__core_unsubscribeaction,action_ptr_id,INT64,2
cln_actionkit__core_unsubscribeaction,source_schema,STRING,3
cln_actionkit__core_unsubscribeaction,source_table,STRING,4
cln_actionkit__core_unsubscribeaction,vendor,STRING,5
cln_actionkit__core_unsubscribeaction,vendor_unique_unsubscribeaction_id,STRING,6
cln_actionkit__core_unsubscribeaction,data_owner_id,INT64,7
cln_actionkit__core_unsubscribeaction,data_owner_code,STRING,8
cln_actionkit__core_user,_dbt_source_relation,STRING,1
cln_actionkit__core_user,user_id,INT64,2
cln_actionkit__core_user,utc_created_at,TIMESTAMP,3
cln_actionkit__core_user,utc_updated_at,TIMESTAMP,4
cln_actionkit__core_user,email_address,STRING,5
cln_actionkit__core_user,prefix_name,STRING,6
cln_actionkit__core_user,first_name,STRING,7
cln_actionkit__core_user,middle_name,STRING,8
cln_actionkit__core_user,last_name,STRING,9
cln_actionkit__core_user,suffix_name,STRING,10
cln_actionkit__core_user,password,STRING,11
cln_actionkit__core_user,subscription_status,STRING,12
cln_actionkit__core_user,is_subscribed,BOOL,13
cln_actionkit__core_user,address_line_1,STRING,14
cln_actionkit__core_user,address_line_2,STRING,15
cln_actionkit__core_user,city,STRING,16
cln_actionkit__core_user,state_code,STRING,17
cln_actionkit__core_user,international_region,STRING,18
cln_actionkit__core_user,international_postal_code,STRING,19
cln_actionkit__core_user,zip_code,STRING,20
cln_actionkit__core_user,plus_four_code,STRING,21
cln_actionkit__core_user,country,STRING,22
cln_actionkit__core_user,user_source,STRING,23
cln_actionkit__core_user,language_id,INT64,24
cln_actionkit__core_user,rand_id,INT64,25
cln_actionkit__core_user,email_domain,STRING,26
cln_actionkit__core_user,source_schema,STRING,27
cln_actionkit__core_user,source_table,STRING,28
cln_actionkit__core_user,vendor,STRING,29
cln_actionkit__core_user,vendor_unique_user_id,STRING,30
cln_actionkit__core_user,data_owner_id,INT64,31
cln_actionkit__core_user,data_owner_code,STRING,32
cln_actionkit__core_user_page_tags,_dbt_source_relation,STRING,1
cln_actionkit__core_user_page_tags,user_id,INT64,2
cln_actionkit__core_user_page_tags,tag_id,INT64,3
cln_actionkit__core_user_page_tags,source_schema,STRING,4
cln_actionkit__core_user_page_tags,source_table,STRING,5
cln_actionkit__core_user_page_tags,vendor,STRING,6
cln_actionkit__core_user_page_tags,vendor_unique_user_page_tag_id,STRING,7
cln_actionkit__core_user_page_tags,data_owner_id,INT64,8
cln_actionkit__core_user_page_tags,data_owner_code,STRING,9
cln_actionkit__core_userfield,_dbt_source_relation,STRING,1
cln_actionkit__core_userfield,id,INT64,2
cln_actionkit__core_userfield,parent_id,INT64,3
cln_actionkit__core_userfield,name,STRING,4
cln_actionkit__core_userfield,value,STRING,5
cln_actionkit__core_userfield,action_id,INT64,6
cln_actionkit__core_userfield,utc_updated_at,TIMESTAMP,7
cln_actionkit__core_userfield,source_schema,STRING,8
cln_actionkit__core_userfield,source_table,STRING,9
cln_actionkit__core_userfield,vendor,STRING,10
cln_actionkit__core_userfield,vendor_unique_userfield_id,STRING,11
cln_actionkit__core_userfield,data_owner_id,INT64,12
cln_actionkit__core_userfield,data_owner_code,STRING,13
cln_actionkit__core_usergeofield,_dbt_source_relation,STRING,1
cln_actionkit__core_usergeofield,id,INT64,2
cln_actionkit__core_usergeofield,utc_created_at,TIMESTAMP,3
cln_actionkit__core_usergeofield,utc_updated_at,TIMESTAMP,4
cln_actionkit__core_usergeofield,user_id,INT64,5
cln_actionkit__core_usergeofield,name,STRING,6
cln_actionkit__core_usergeofield,value,STRING,7
cln_actionkit__core_usergeofield,source_schema,STRING,8
cln_actionkit__core_usergeofield,source_table,STRING,9
cln_actionkit__core_usergeofield,vendor,STRING,10
cln_actionkit__core_usergeofield,vendor_unique_usergeofield_id,STRING,11
cln_actionkit__core_usergeofield,data_owner_id,INT64,12
cln_actionkit__core_usergeofield,data_owner_code,STRING,13
cln_actionkit__core_usermailing,_dbt_source_relation,STRING,1
cln_actionkit__core_usermailing,id,INT64,2
cln_actionkit__core_usermailing,mailing_id,INT64,3
cln_actionkit__core_usermailing,user_id,INT64,4
cln_actionkit__core_usermailing,subject_id,INT64,5
cln_actionkit__core_usermailing,utc_created_at,TIMESTAMP,6
cln_actionkit__core_usermailing,source_schema,STRING,7
cln_actionkit__core_usermailing,source_table,STRING,8
cln_actionkit__core_usermailing,vendor,STRING,9
cln_actionkit__core_usermailing,vendor_unique_usermailing_id,STRING,10
cln_actionkit__core_usermailing,data_owner_id,INT64,11
cln_actionkit__core_usermailing,data_owner_code,STRING,12
cln_actionkit__events_campaign,_dbt_source_relation,STRING,1
cln_actionkit__events_campaign,id,INT64,2
cln_actionkit__events_campaign,utc_created_at,TIMESTAMP,3
cln_actionkit__events_campaign,utc_updated_at,TIMESTAMP,4
cln_actionkit__events_campaign,title,STRING,5
cln_actionkit__events_campaign,name,STRING,6
cln_actionkit__events_campaign,public_create_page,BOOL,7
cln_actionkit__events_campaign,use_title,BOOL,8
cln_actionkit__events_campaign,starts_at,DATETIME,9
cln_actionkit__events_campaign,use_start_date,BOOL,10
cln_actionkit__events_campaign,use_start_time,BOOL,11
cln_actionkit__events_campaign,require_staff_approval,BOOL,12
cln_actionkit__events_campaign,require_email_confirmation,BOOL,13
cln_actionkit__events_campaign,allow_private,BOOL,14
cln_actionkit__events_campaign,max_event_size,INT64,15
cln_actionkit__events_campaign,default_event_size,INT64,16
cln_actionkit__events_campaign,public_search_page,BOOL,17
cln_actionkit__events_campaign,show_title,BOOL,18
cln_actionkit__events_campaign,show_venue,BOOL,19
cln_actionkit__events_campaign,show_address1,BOOL,20
cln_actionkit__events_campaign,show_city,BOOL,21
cln_actionkit__events_campaign,show_state,BOOL,22
cln_actionkit__events_campaign,show_zip,BOOL,23
cln_actionkit__events_campaign,show_public_description,BOOL,24
cln_actionkit__events_campaign,show_directions,BOOL,25
cln_actionkit__events_campaign,show_attendee_count,BOOL,26
cln_actionkit__events_campaign,default_title,STRING,27
cln_actionkit__events_campaign,hidden,BOOL,28
cln_actionkit__events_campaign,show_completed_events,BOOL,29
cln_actionkit__events_campaign,show_full_events,BOOL,30
cln_actionkit__events_campaign,timezone,STRING,31
cln_actionkit__events_campaign,allow_moderation,BOOL,32
cln_actionkit__events_campaign,allow_moderator_edits,BOOL,33
cln_actionkit__events_campaign,show_notes,BOOL,34
cln_actionkit__events_campaign,mode_onsite,BOOL,35
cln_actionkit__events_campaign,mode_local,BOOL,36
cln_actionkit__events_campaign,mode_global,BOOL,37
cln_actionkit__events_campaign,source_schema,STRING,38
cln_actionkit__events_campaign,source_table,STRING,39
cln_actionkit__events_campaign,vendor,STRING,40
cln_actionkit__events_campaign,vendor_unique_events_campaign_id,STRING,41
cln_actionkit__events_campaign,data_owner_id,INT64,42
cln_actionkit__events_campaign,data_owner_code,STRING,43
cln_actionkit__events_event,_dbt_source_relation,STRING,1
cln_actionkit__events_event,id,INT64,2
cln_actionkit__events_event,utc_created_at,TIMESTAMP,3
cln_actionkit__events_event,utc_updated_at,TIMESTAMP,4
cln_actionkit__events_event,address1,STRING,5
cln_actionkit__events_event,address2,STRING,6
cln_actionkit__events_event,city,STRING,7
cln_actionkit__events_event,state,STRING,8
cln_actionkit__events_event,us_district,STRING,9
cln_actionkit__events_event,region,STRING,10
cln_actionkit__events_event,postal,STRING,11
cln_actionkit__events_event,zip,STRING,12
cln_actionkit__events_event,plus4,STRING,13
cln_actionkit__events_event,country,STRING,14
cln_actionkit__events_event,longitude,FLOAT64,15
cln_actionkit__events_event,latitude,FLOAT64,16
cln_actionkit__events_event,campaign_id,INT64,17
cln_actionkit__events_event,title,STRING,18
cln_actionkit__events_event,creator_id,INT64,19
cln_actionkit__events_event,starts_at,DATETIME,20
cln_actionkit__events_event,ends_at,DATETIME,21
cln_actionkit__events_event,status,STRING,22
cln_actionkit__events_event,host_is_confirmed,BOOL,23
cln_actionkit__events_event,is_private,BOOL,24
cln_actionkit__events_event,is_approved,BOOL,25
cln_actionkit__events_event,attendee_count,INT64,26
cln_actionkit__events_event,max_attendees,INT64,27
cln_actionkit__events_event,venue,STRING,28
cln_actionkit__events_event,phone,STRING,29
cln_actionkit__events_event,public_description,STRING,30
cln_actionkit__events_event,directions,STRING,31
cln_actionkit__events_event,note_to_attendees,STRING,32
cln_actionkit__events_event,notes,STRING,33
cln_actionkit__events_event,starts_at_utc,DATETIME,34
cln_actionkit__events_event,ends_at_utc,DATETIME,35
cln_actionkit__events_event,confirmed_at,DATETIME,36
cln_actionkit__events_event,approved_at,DATETIME,37
cln_actionkit__events_event,us_state_senate,STRING,38
cln_actionkit__events_event,us_state_district,STRING,39
cln_actionkit__events_event,merged_to_id,INT64,40
cln_actionkit__events_event,us_county,STRING,41
cln_actionkit__events_event,mode,STRING,42
cln_actionkit__events_event,timezone,STRING,43
cln_actionkit__events_event,source_schema,STRING,44
cln_actionkit__events_event,source_table,STRING,45
cln_actionkit__events_event,vendor,STRING,46
cln_actionkit__events_event,vendor_unique_events_event_id,STRING,47
cln_actionkit__events_event,data_owner_id,INT64,48
cln_actionkit__events_event,data_owner_code,STRING,49
cln_actionkit__events_eventfield,_dbt_source_relation,STRING,1
cln_actionkit__events_eventfield,id,INT64,2
cln_actionkit__events_eventfield,parent_id,INT64,3
cln_actionkit__events_eventfield,name,STRING,4
cln_actionkit__events_eventfield,value,STRING,5
cln_actionkit__events_eventfield,source_schema,STRING,6
cln_actionkit__events_eventfield,source_table,STRING,7
cln_actionkit__events_eventfield,vendor,STRING,8
cln_actionkit__events_eventfield,vendor_unique_events_eventfield_id,STRING,9
cln_actionkit__events_eventfield,data_owner_id,INT64,10
cln_actionkit__events_eventfield,data_owner_code,STRING,11
cln_actionkit__events_eventsignup,_dbt_source_relation,STRING,1
cln_actionkit__events_eventsignup,id,INT64,2
cln_actionkit__events_eventsignup,utc_created_at,TIMESTAMP,3
cln_actionkit__events_eventsignup,utc_updated_at,TIMESTAMP,4
cln_actionkit__events_eventsignup,user_id,INT64,5
cln_actionkit__events_eventsignup,event_id,INT64,6
cln_actionkit__events_eventsignup,role,STRING,7
cln_actionkit__events_eventsignup,status,STRING,8
cln_actionkit__events_eventsignup,page_id,INT64,9
cln_actionkit__events_eventsignup,attended,BOOL,10
cln_actionkit__events_eventsignup,source_schema,STRING,11
cln_actionkit__events_eventsignup,source_table,STRING,12
cln_actionkit__events_eventsignup,vendor,STRING,13
cln_actionkit__events_eventsignup,vendor_unique_events_eventsignup_id,STRING,14
cln_actionkit__events_eventsignup,data_owner_id,INT64,15
cln_actionkit__events_eventsignup,data_owner_code,STRING,16
cln_actionkit__events_eventsignupfield,_dbt_source_relation,STRING,1
cln_actionkit__events_eventsignupfield,id,INT64,2
cln_actionkit__events_eventsignupfield,parent_id,INT64,3
cln_actionkit__events_eventsignupfield,name,STRING,4
cln_actionkit__events_eventsignupfield,value,STRING,5
cln_actionkit__events_eventsignupfield,source_schema,STRING,6
cln_actionkit__events_eventsignupfield,source_table,STRING,7
cln_actionkit__events_eventsignupfield,vendor,STRING,8
cln_actionkit__events_eventsignupfield,vendor_unique_events_eventsignupfield_id,STRING,9
cln_actionkit__events_eventsignupfield,data_owner_id,INT64,10
cln_actionkit__events_eventsignupfield,data_owner_code,STRING,11
cln_actionkit__share_action,_dbt_source_relation,STRING,1
cln_actionkit__share_action,id,INT64,2
cln_actionkit__share_action,utc_created_at,TIMESTAMP,3
cln_actionkit__share_action,utc_updated_at,TIMESTAMP,4
cln_actionkit__share_action,share_id,INT64,5
cln_actionkit__share_action,action_id,INT64,6
cln_actionkit__share_action,source_schema,STRING,7
cln_actionkit__share_action,source_table,STRING,8
cln_actionkit__share_action,vendor,STRING,9
cln_actionkit__share_action,vendor_unique_share_action_id,STRING,10
cln_actionkit__share_action,data_owner_id,INT64,11
cln_actionkit__share_action,data_owner_code,STRING,12
cln_actionkit__share_click,_dbt_source_relation,STRING,1
cln_actionkit__share_click,id,INT64,2
cln_actionkit__share_click,utc_created_at,TIMESTAMP,3
cln_actionkit__share_click,utc_updated_at,TIMESTAMP,4
cln_actionkit__share_click,share_id,INT64,5
cln_actionkit__share_click,page_id,INT64,6
cln_actionkit__share_click,click_id,INT64,7
cln_actionkit__share_click,source_schema,STRING,8
cln_actionkit__share_click,source_table,STRING,9
cln_actionkit__share_click,vendor,STRING,10
cln_actionkit__share_click,vendor_unique_share_click_id,STRING,11
cln_actionkit__share_click,data_owner_id,INT64,12
cln_actionkit__share_click,data_owner_code,STRING,13
cln_actionkit__share_link,_dbt_source_relation,STRING,1
cln_actionkit__share_link,id,INT64,2
cln_actionkit__share_link,utc_created_at,TIMESTAMP,3
cln_actionkit__share_link,utc_updated_at,TIMESTAMP,4
cln_actionkit__share_link,page_id,INT64,5
cln_actionkit__share_link,type,STRING,6
cln_actionkit__share_link,user_id,INT64,7
cln_actionkit__share_link,action_id,INT64,8
cln_actionkit__share_link,referring_share_id,INT64,9
cln_actionkit__share_link,generation,INT64,10
cln_actionkit__share_link,source,STRING,11
cln_actionkit__share_link,source_schema,STRING,12
cln_actionkit__share_link,source_table,STRING,13
cln_actionkit__share_link,vendor,STRING,14
cln_actionkit__share_link,vendor_unique_share_link_id,STRING,15
cln_actionkit__share_link,data_owner_id,INT64,16
cln_actionkit__share_link,data_owner_code,STRING,17
cln_actionkit__share_type,_dbt_source_relation,STRING,1
cln_actionkit__share_type,id,INT64,2
cln_actionkit__share_type,utc_created_at,TIMESTAMP,3
cln_actionkit__share_type,utc_updated_at,TIMESTAMP,4
cln_actionkit__share_type,type,STRING,5
cln_actionkit__share_type,name,STRING,6
cln_actionkit__share_type,source_schema,STRING,7
cln_actionkit__share_type,source_table,STRING,8
cln_actionkit__share_type,vendor,STRING,9
cln_actionkit__share_type,vendor_unique_share_type_id,STRING,10
cln_actionkit__share_type,data_owner_id,INT64,11
cln_actionkit__share_type,data_owner_code,STRING,12
cln_actionkit__summary_mailing,_dbt_source_relation,STRING,1
cln_actionkit__summary_mailing,utc_created_at,TIMESTAMP,2
cln_actionkit__summary_mailing,utc_updated_at,TIMESTAMP,3
cln_actionkit__summary_mailing,mailing_id,INT64,4
cln_actionkit__summary_mailing,finished_at,DATETIME,5
cln_actionkit__summary_mailing,recipients,INT64,6
cln_actionkit__summary_mailing,total_opens,INT64,7
cln_actionkit__summary_mailing,total_raw_opens,INT64,8
cln_actionkit__summary_mailing,opens,INT64,9
cln_actionkit__summary_mailing,raw_opens,INT64,10
cln_actionkit__summary_mailing,total_clicks,INT64,11
cln_actionkit__summary_mailing,actions,INT64,12
cln_actionkit__summary_mailing,orders,INT64,13
cln_actionkit__summary_mailing,amount,NUMERIC,14
cln_actionkit__summary_mailing,amount_converted,NUMERIC,15
cln_actionkit__summary_mailing,unsubscribes,INT64,16
cln_actionkit__summary_mailing,bounces,INT64,17
cln_actionkit__summary_mailing,complaints,INT64,18
cln_actionkit__summary_mailing,total_raw_clicks,INT64,19
cln_actionkit__summary_mailing,clicks,INT64,20
cln_actionkit__summary_mailing,raw_clicks,INT64,21
cln_actionkit__summary_mailing,total_unsubscribes,INT64,22
cln_actionkit__summary_mailing,new_users,INT64,23
cln_actionkit__summary_mailing,bounces_all,INT64,24
cln_actionkit__summary_mailing,delays,INT64,25
cln_actionkit__summary_mailing,source_schema,STRING,26
cln_actionkit__summary_mailing,source_table,STRING,27
cln_actionkit__summary_mailing,vendor,STRING,28
cln_actionkit__summary_mailing,vendor_unique_summary_mailing_id,STRING,29
cln_actionkit__summary_mailing,data_owner_id,INT64,30
cln_actionkit__summary_mailing,data_owner_code,STRING,31
cln_actionkit__summary_mailingsubject,_dbt_source_relation,STRING,1
cln_actionkit__summary_mailingsubject,id,INT64,2
cln_actionkit__summary_mailingsubject,utc_created_at,TIMESTAMP,3
cln_actionkit__summary_mailingsubject,utc_updated_at,TIMESTAMP,4
cln_actionkit__summary_mailingsubject,mailing_id,INT64,5
cln_actionkit__summary_mailingsubject,subject_id,INT64,6
cln_actionkit__summary_mailingsubject,finished_at,DATETIME,7
cln_actionkit__summary_mailingsubject,recipients,INT64,8
cln_actionkit__summary_mailingsubject,opens,INT64,9
cln_actionkit__summary_mailingsubject,raw_opens,INT64,10
cln_actionkit__summary_mailingsubject,total_opens,INT64,11
cln_actionkit__summary_mailingsubject,total_raw_opens,INT64,12
cln_actionkit__summary_mailingsubject,clicks,INT64,13
cln_actionkit__summary_mailingsubject,raw_clicks,INT64,14
cln_actionkit__summary_mailingsubject,total_clicks,INT64,15
cln_actionkit__summary_mailingsubject,total_raw_clicks,INT64,16
cln_actionkit__summary_mailingsubject,actions,INT64,17
cln_actionkit__summary_mailingsubject,orders,INT64,18
cln_actionkit__summary_mailingsubject,amount,NUMERIC,19
cln_actionkit__summary_mailingsubject,amount_converted,NUMERIC,20
cln_actionkit__summary_mailingsubject,unsubscribes,INT64,21
cln_actionkit__summary_mailingsubject,bounces,INT64,22
cln_actionkit__summary_mailingsubject,complaints,INT64,23
cln_actionkit__summary_mailingsubject,total_unsubscribes,INT64,24
cln_actionkit__summary_mailingsubject,new_users,INT64,25
cln_actionkit__summary_mailingsubject,source_schema,STRING,26
cln_actionkit__summary_mailingsubject,source_table,STRING,27
cln_actionkit__summary_mailingsubject,vendor,STRING,28
cln_actionkit__summary_mailingsubject,vendor_unique_summary_mailingsubject_id,STRING,29
cln_actionkit__summary_mailingsubject,data_owner_id,INT64,30
cln_actionkit__summary_mailingsubject,data_owner_code,STRING,31
cln_actionkit__summary_user,_dbt_source_relation,STRING,1
cln_actionkit__summary_user,utc_created_at,TIMESTAMP,2
cln_actionkit__summary_user,utc_updated_at,TIMESTAMP,3
cln_actionkit__summary_user,user_id,INT64,4
cln_actionkit__summary_user,last_action,DATETIME,5
cln_actionkit__summary_user,last_mailing_action,DATETIME,6
cln_actionkit__summary_user,last_open,DATETIME,7
cln_actionkit__summary_user,last_click,DATETIME,8
cln_actionkit__summary_user,last_subscribed,DATETIME,9
cln_actionkit__summary_user,last_donation,DATETIME,10
cln_actionkit__summary_user,actions_last_30_days,INT64,11
cln_actionkit__summary_user,actions_last_60_days,INT64,12
cln_actionkit__summary_user,actions_last_90_days,INT64,13
cln_actionkit__summary_user,actions_last_180_days,INT64,14
cln_actionkit__summary_user,actions_last_270_days,INT64,15
cln_actionkit__summary_user,actions_last_365_days,INT64,16
cln_actionkit__summary_user,last_mailed,DATETIME,17
cln_actionkit__summary_user,last_raw_open,DATETIME,18
cln_actionkit__summary_user,mailbox_provider,STRING,19
cln_actionkit__summary_user,source_schema,STRING,20
cln_actionkit__summary_user,source_table,STRING,21
cln_actionkit__summary_user,vendor,STRING,22
cln_actionkit__summary_user,vendor_unique_summary_user_id,STRING,23
cln_actionkit__summary_user,data_owner_id,INT64,24
cln_actionkit__summary_user,data_owner_code,STRING,25